{
  "deals_count_data": [0.0038, 0.0079, 0.0009, 0.0019, 0.0093, 0.0023, 0.0000, 0.0014, 0.0029, 0.0161, 0.0000, 0.0000, 0.0000, 0.0011, 0.0000, 0.0000, 0.0000, 0.0012, 0.0016, 0.0042, 0.0119, 0.0027, 0.0017, 0.0000, 0.0023, 0.0000, 0.0012, 0.0029, 0.0000, 0.0000, 0.0000, 0.0217, 0.0027, 0.0238, 0.0000, 0.0000, 0.0020, 0.0047, 0.0054, 0.0228, 0.0027, 0.0031, 0.0280, 0.0090, 0.0000, 0.0035, 0.0049, 0.0000, 0.0167, 0.0000, 0.0797, 0.0034, 0.0238, 0.0000, 0.0000, 0.0025, 0.0042, 0.0154, 0.0099, 0.0045, 0.0063, 0.0841, 0.0124, 0.0000, 0.0053, 0.0064, 0.0000, 0.0833, 0.1000, 0.0290, 0.0042, 0.0952, 0.0000, 0.0000, 0.0046, 0.0322, 0.0480, 0.1526, 0.0232, 0.0190, 0.1215, 0.0474, 0.0000, 0.0166, 0.0283, 0.0806, 0.1667, 0.0000, 0.0797, 0.0099, 0.0714, 0.5000, 0.0000, 0.0099, 0.0660, 0.1315, 0.2250, 0.0313, 0.0331, 0.4579, 0.0824, 1.0000, 0.0253, 0.0518, 0.1129, 0.2167, 0.1000, 0.1232, 0.0519, 0.3095, 0.3000, 0.0263, 0.0330, 0.0712, 0.1673, 0.2686, 0.1107, 0.0933, 0.2710, 0.1309, 0.0000, 0.0769, 0.0914, 0.2097, 0.4167, 0.3000, 0.1739, 0.0768, 0.4286, 0.2000, 0.0263, 0.0913, 0.1227, 0.7812, 0.7126, 0.5518, 0.4006, 0.6822, 0.8804, 0.0000, 0.8463, 0.6654, 0.4194, 0.4667, 0.1000, 0.2101, 0.6875, 0.5238, 0.4000, 0.0000, 0.5350, 0.6362, 0.9335, 0.8394, 1.0000, 0.7026, 0.7570, 0.9165, 0.0000, 1.0000, 0.8012, 0.4194, 0.8333, 0.2000, 0.5942, 1.0000, 0.4524, 1.0000, 0.0526, 0.8401, 1.0000, 1.0000, 1.0000, 0.5866, 1.0000, 1.0000, 1.0000, 0.6667, 0.8420, 1.0000, 1.0000, 0.7500, 0.0000, 1.0000, 0.7884, 0.4286, 0.9000, 0.0263, 1.0000, 0.7770, 0.8453, 0.7027, 0.8045, 0.7231, 0.5701, 0.6005, 0.0000, 0.4149, 0.8813, 0.5484, 1.0000, 1.0000, 0.7754, 0.4985, 1.0000, 0.7000, 1.0000, 0.6120, 0.5452, 0.1061, 0.1308, 0.0884, 0.0568, 0.1121, 0.0643, 0.0000, 0.0461, 0.0948, 0.0806, 0.0333, 0.0000, 0.0797, 0.0565, 0.2619, 0.1000,0.0000, 0.0784, 0.0556],
  "avg_price": [0.681481399, 0.847760061, 0.283018868, 0.942136632, 0.667808219, 0.257982225, 0, 1, 0.286875392, 0.072843823, 0, 0, 0, 0.760869565, 0, 0, 0, 0.991461547, 0.302801622, 0.679261981, 0.512275373, 0.597484277, 0.943900933, 0, 0.628538512, 0, 0.501098901, 0.240438728, 0, 0, 0, 0.456182338, 1, 0.42690815, 0, 0, 0.756597053, 0.292708235, 0.926323898, 0.499686375, 1, 0.804262979, 0.376712329, 0.345930711, 0, 0.676923077, 0.341773849, 0, 0.066755674, 0, 0.539124581, 0.879227053, 0.142302717, 0, 0, 0.902373254, 0.169064239, 0.765257625, 0.464388762, 0.569811321, 0.634754551, 0.494292237, 0.867758394, 0, 0.578461538, 0.53385018, 0, 0.089185581, 0.171428571, 0.509132074, 0.947628458, 0.17076326, 0, 0, 1, 0.188844023, 1, 1, 0.874818578, 0.978850452, 0.516859852, 0.476652873, 0, 0.819096563, 0.739784099, 1, 0.151668892, 0, 0.325844527, 0.954013378, 0.872789996, 0.512946429, 0, 0.941915097, 0.244108972, 0.741868441, 0.688825424, 0.801536388, 0.875416317, 0.630486441, 0.558033223, 1, 0.685598709, 0.733801514, 0.135281385, 0.173564753, 0.342857143, 0.524226342, 0.86828085, 0.436759877, 1, 0.055555556, 0.706171524, 0.454225273, 0.795573115, 0.797908139, 0.985829276, 0.808302268, 0.636277752, 0.580379134, 0, 0.549439434, 0.448672209, 0.157118523, 0.144512684, 0.228571429, 0.676806237, 0.895252001, 0.340735949, 0.428571429, 1, 0.757637897, 0.346468354, 0.549731822, 0.632080961, 0.546537827, 0.870493417, 0.743948208, 0.776340077, 0, 0.402569992, 0.602394683, 0.188385333, 0.127407973, 0.857142857, 1, 0.884390399, 0.607697283, 0.296316964, 0, 0.654037928, 0.6735357, 0.534263719, 0.690451538, 0.722089623, 0.824860782, 0.62341451, 0.643915778, 0, 0.341385676, 0.426496221, 0.184070737, 0.205847797, 1, 0.445451324, 0.752310509, 0.30108259, 0.806919643, 0.166666667, 0.640408385, 0.627864777, 0.453143328, 0.855942681, 0.68620861, 0.804212498, 0.750480092, 0.677593782, 0.591973244, 0.528520462, 0.431881394, 0.347723513, 0.116807595, 0, 0.585456432, 0.767799966, 0.464460256, 0.447172619, 0.244444444, 0.681396652, 0.485772119, 0.509929848, 0.679739503, 0.738152577, 0.828376819, 0.816865035, 0.757194583, 0, 0.44722841, 0.723756426, 0.318627451, 0.292211838, 0.571428571, 0.377461955, 0.813343328, 0.641039857, 0.359693878, 0.055555556, 0.693596725, 0.797214033, 0.553180109, 0.98443432, 0.622641509, 1, 1, 1, 0, 0.312407899, 1, 0.283799534, 1, 0, 0.608736821, 0.902761457, 1, 0.334821429, 0, 0.716446428, 1]
}